cohort_month,total_customers,eligible_customers,immature_customers,repeat_customers_30d,customers_with_simultaneous_orders,simultaneous_additional_orders,repeat_share_30d,observation_coverage,maturity_status,fully_observed_calendar_cohort,observation_end
2017-02-01,1628,1628,0,21,2,2,0.012899262899262898,1.0,ALL_OBSERVED_CUSTOMERS_MATURE,True,2018-07-31T23:59:59
2017-03-01,2503,2503,0,38,6,6,0.015181781861765881,1.0,ALL_OBSERVED_CUSTOMERS_MATURE,True,2018-07-31T23:59:59
2017-04-01,2256,2256,0,28,6,6,0.012411347517730497,1.0,ALL_OBSERVED_CUSTOMERS_MATURE,True,2018-07-31T23:59:59
2017-05-01,3451,3451,0,61,14,14,0.017676035931614025,1.0,ALL_OBSERVED_CUSTOMERS_MATURE,True,2018-07-31T23:59:59
2017-06-01,3037,3037,0,50,9,9,0.016463615409944024,1.0,ALL_OBSERVED_CUSTOMERS_MATURE,True,2018-07-31T23:59:59
2017-07-01,3752,3752,0,62,16,16,0.01652452025586354,1.0,ALL_OBSERVED_CUSTOMERS_MATURE,True,2018-07-31T23:59:59
2017-08-01,4057,4057,0,63,21,21,0.015528715799852107,1.0,ALL_OBSERVED_CUSTOMERS_MATURE,True,2018-07-31T23:59:59
2017-09-01,4004,4004,0,65,14,14,0.016233766233766232,1.0,ALL_OBSERVED_CUSTOMERS_MATURE,True,2018-07-31T23:59:59
2017-10-01,4328,4328,0,58,11,11,0.013401109057301294,1.0,ALL_OBSERVED_CUSTOMERS_MATURE,True,2018-07-31T23:59:59
2017-11-01,7060,7060,0,104,22,22,0.014730878186968839,1.0,ALL_OBSERVED_CUSTOMERS_MATURE,True,2018-07-31T23:59:59
2017-12-01,5338,5338,0,48,12,12,0.008992131884600974,1.0,ALL_OBSERVED_CUSTOMERS_MATURE,True,2018-07-31T23:59:59
2018-01-01,6842,6842,0,86,19,19,0.012569424144986846,1.0,ALL_OBSERVED_CUSTOMERS_MATURE,True,2018-07-31T23:59:59
2018-02-01,6288,6288,0,125,26,26,0.01987913486005089,1.0,ALL_OBSERVED_CUSTOMERS_MATURE,True,2018-07-31T23:59:59
2018-03-01,6774,6774,0,84,19,20,0.012400354295837024,1.0,ALL_OBSERVED_CUSTOMERS_MATURE,True,2018-07-31T23:59:59
2018-04-01,6582,6582,0,65,7,7,0.009875417806137952,1.0,ALL_OBSERVED_CUSTOMERS_MATURE,True,2018-07-31T23:59:59
2018-05-01,6506,6506,0,63,4,4,0.009683369197663695,1.0,ALL_OBSERVED_CUSTOMERS_MATURE,True,2018-07-31T23:59:59
2018-06-01,5878,5878,0,34,11,12,0.005784280367471929,1.0,ALL_OBSERVED_CUSTOMERS_MATURE,True,2018-07-31T23:59:59
2018-07-01,5949,154,5795,0,24,24,0.0,0.02588670364767188,PARTIALLY_MATURE,False,2018-07-31T23:59:59
