category,category_group
UNKNOWN,其他
agro_industry_and_commerce,其他
air_conditioning,其他
art,其他
arts_and_craftmanship,其他
audio,其他
auto,auto
baby,其他
bed_bath_table,bed_bath_table
books_general_interest,其他
books_imported,其他
books_technical,其他
cds_dvds_musicals,其他
christmas_supplies,其他
cine_photo,其他
computers,其他
computers_accessories,computers_accessories
consoles_games,其他
construction_tools_construction,其他
construction_tools_lights,其他
construction_tools_safety,其他
cool_stuff,cool_stuff
costruction_tools_garden,其他
costruction_tools_tools,其他
diapers_and_hygiene,其他
drinks,其他
dvds_blu_ray,其他
electronics,其他
fashio_female_clothing,其他
fashion_bags_accessories,其他
fashion_childrens_clothes,其他
fashion_male_clothing,其他
fashion_shoes,其他
fashion_sport,其他
fashion_underwear_beach,其他
fixed_telephony,其他
flowers,其他
food,其他
food_drink,其他
furniture_bedroom,其他
furniture_decor,furniture_decor
furniture_living_room,其他
furniture_mattress_and_upholstery,其他
garden_tools,其他
health_beauty,health_beauty
home_appliances,其他
home_appliances_2,其他
home_comfort_2,其他
home_confort,其他
home_construction,其他
housewares,housewares
industry_commerce_and_business,其他
kitchen_dining_laundry_garden_furniture,其他
la_cuisine,其他
luggage_accessories,其他
market_place,其他
music,其他
musical_instruments,其他
office_furniture,其他
party_supplies,其他
pc_gamer,其他
perfumery,其他
pet_shop,其他
portateis_cozinha_e_preparadores_de_alimentos,其他
security_and_services,其他
signaling_and_security,其他
small_appliances,其他
small_appliances_home_oven_and_coffee,其他
sports_leisure,sports_leisure
stationery,其他
tablets_printing_image,其他
telephony,其他
toys,toys
watches_gifts,watches_gifts
